"file","lufs","peak_dbfs","fmt"
"0-item.mp3","-16.7","-1.5","44100,1"
"Histoires de Timote\0-item.mp3","-16","-2.2","44100,1"
"Histoires de Timote\1 Quotidien et autonomie\0-item.mp3","-17.7","-1.5","44100,1"
"Histoires de Timote\1 Quotidien et autonomie\01 Timote aime tout faire tout seul.item.mp3","-15.9","-2.1","44100,1"
"Histoires de Timote\1 Quotidien et autonomie\01 Timote aime tout faire tout seul.mp3","-16","-1.6","44100,1"
"Histoires de Timote\1 Quotidien et autonomie\02 Timote et sa tetine.item.mp3","-16","-2.4","44100,1"
"Histoires de Timote\1 Quotidien et autonomie\02 Timote et sa tetine.mp3","-16","-1.5","44100,1"
"Histoires de Timote\1 Quotidien et autonomie\03 Timote et son doudou.item.mp3","-16","-3.3","44100,1"
"Histoires de Timote\1 Quotidien et autonomie\03 Timote et son doudou.mp3","-16","-1.5","44100,1"
"Histoires de Timote\1 Quotidien et autonomie\04 Timote fait un gateau.item.mp3","-16","-3.4","44100,1"
"Histoires de Timote\1 Quotidien et autonomie\04 Timote fait un gateau.mp3","-16","-1.4","44100,1"
"Histoires de Timote\1 Quotidien et autonomie\05 Timote jardine.item.mp3","-16","-3.5","44100,1"
"Histoires de Timote\1 Quotidien et autonomie\05 Timote jardine.mp3","-16","-1.5","44100,1"
"Histoires de Timote\2 Emotions et grandir\0-item.mp3","-16","-2.2","44100,1"
"Histoires de Timote\2 Emotions et grandir\01 Timote devient grand frere.item.mp3","-16","-3.2","44100,1"
"Histoires de Timote\2 Emotions et grandir\01 Timote devient grand frere.mp3","-16","-1.5","44100,1"
"Histoires de Timote\2 Emotions et grandir\02 Timote dort chez un copain.item.mp3","-16","-3.8","44100,1"
"Histoires de Timote\2 Emotions et grandir\02 Timote dort chez un copain.mp3","-16","-1.5","44100,1"
"Histoires de Timote\2 Emotions et grandir\03 Timote est amoureux.item.mp3","-16","-3.8","44100,1"
"Histoires de Timote\2 Emotions et grandir\03 Timote est amoureux.mp3","-16","-1.5","44100,1"
"Histoires de Timote\2 Emotions et grandir\04 Timote et la petite souris.item.mp3","-15.9","-2.1","44100,1"
"Histoires de Timote\2 Emotions et grandir\04 Timote et la petite souris.mp3","-16","-1.5","44100,1"
"Histoires de Timote\2 Emotions et grandir\05 Timote et les ecrans.item.mp3","-16","-4.5","44100,1"
"Histoires de Timote\2 Emotions et grandir\05 Timote et les ecrans.mp3","-16","-1.5","44100,1"
"Histoires de Timote\2 Emotions et grandir\06 Timote et ses emotions.item.mp3","-16","-1.9","44100,1"
"Histoires de Timote\2 Emotions et grandir\06 Timote et ses emotions.mp3","-16","-1.4","44100,1"
"Histoires de Timote\2 Emotions et grandir\07 Timote fait des betises.item.mp3","-16","-1.7","44100,1"
"Histoires de Timote\2 Emotions et grandir\07 Timote fait des betises.mp3","-16","-1.4","44100,1"
"Histoires de Timote\3 Ecole\0-item.mp3","-16.3","-1.5","44100,1"
"Histoires de Timote\3 Ecole\01 Timote aime la musique.item.mp3","-16","-3.4","44100,1"
"Histoires de Timote\3 Ecole\01 Timote aime la musique.mp3","-16","-1.5","44100,1"
"Histoires de Timote\3 Ecole\02 Timote apprend l anglais.item.mp3","-16","-5.8","44100,1"
"Histoires de Timote\3 Ecole\02 Timote apprend l anglais.mp3","-16","-1.4","44100,1"
"Histoires de Timote\3 Ecole\03 Timote decouvre les chiffres.item.mp3","-15.9","-4.3","44100,1"
"Histoires de Timote\3 Ecole\03 Timote decouvre les chiffres.mp3","-16","-1.4","44100,1"
"Histoires de Timote\3 Ecole\04 Timote decouvre les lettres.item.mp3","-15.9","-3","44100,1"
"Histoires de Timote\3 Ecole\04 Timote decouvre les lettres.mp3","-16","-1.5","44100,1"
"Histoires de Timote\3 Ecole\05 Timote entre a l ecole.item.mp3","-16","-3.2","44100,1"
"Histoires de Timote\3 Ecole\05 Timote entre a l ecole.mp3","-16","-1.4","44100,1"
"Histoires de Timote\3 Ecole\06 Timote va a la cantine.item.mp3","-16","-3.5","44100,1"
"Histoires de Timote\3 Ecole\06 Timote va a la cantine.mp3","-16","-1.6","44100,1"
"Histoires de Timote\3 Ecole\07 Timote va au centre de loisirs.item.mp3","-15.6","-2.4","44100,1"
"Histoires de Timote\3 Ecole\07 Timote va au centre de loisirs.mp3","-16","-1.5","44100,1"
"Histoires de Timote\4 Sorties et culture\0-item.mp3","-16.3","-1.5","44100,1"
"Histoires de Timote\4 Sorties et culture\01 Timote a l aquarium.item.mp3","-16","-3.6","44100,1"
"Histoires de Timote\4 Sorties et culture\01 Timote a l aquarium.mp3","-16","-1.5","44100,1"
"Histoires de Timote\4 Sorties et culture\02 Timote va a la bibliotheque.item.mp3","-15.9","-2.9","44100,1"
"Histoires de Timote\4 Sorties et culture\02 Timote va a la bibliotheque.mp3","-16","-1.5","44100,1"
"Histoires de Timote\4 Sorties et culture\03 Timote va au cirque.item.mp3","-15.9","-3.5","44100,1"
"Histoires de Timote\4 Sorties et culture\03 Timote va au cirque.mp3","-16","-1.5","44100,1"
"Histoires de Timote\4 Sorties et culture\04 Timote va au spectacle.item.mp3","-16","-3.7","44100,1"
"Histoires de Timote\4 Sorties et culture\04 Timote va au spectacle.mp3","-16","-1.5","44100,1"
"Histoires de Timote\4 Sorties et culture\05 Timote visite le Louvre.item.mp3","-16.2","-3.1","44100,1"
"Histoires de Timote\4 Sorties et culture\05 Timote visite le Louvre.mp3","-16","-1.4","44100,1"
"Histoires de Timote\4 Sorties et culture\06 Timote visite le Musee d Orsay.item.mp3","-15.9","-4.2","44100,1"
"Histoires de Timote\4 Sorties et culture\06 Timote visite le Musee d Orsay.mp3","-15.9","-1.4","44100,1"
"Histoires de Timote\4 Sorties et culture\07 Timote visite un chateau fort.item.mp3","-15.9","-4.3","44100,1"
"Histoires de Timote\4 Sorties et culture\07 Timote visite un chateau fort.mp3","-16","-1.5","44100,1"
"Histoires de Timote\5 Voyages\0-item.mp3","-16.5","-1.5","44100,1"
"Histoires de Timote\5 Voyages\01 Timote prend le train.item.mp3","-16","-3.5","44100,1"
"Histoires de Timote\5 Voyages\01 Timote prend le train.mp3","-16","-1.5","44100,1"
"Histoires de Timote\5 Voyages\02 Timote visite la Bretagne.item.mp3","-15.9","-4","44100,1"
"Histoires de Timote\5 Voyages\02 Timote visite la Bretagne.mp3","-16","-1.5","44100,1"
"Histoires de Timote\5 Voyages\03 Timote visite Paris.item.mp3","-16","-2.9","44100,1"
"Histoires de Timote\5 Voyages\03 Timote visite Paris.mp3","-16","-1.5","44100,1"
"Histoires de Timote\6 Sport et plein air\0-item.mp3","-16.5","-1.5","44100,1"
"Histoires de Timote\6 Sport et plein air\01 Timote fait de la trottinette.item.mp3","-16","-3.2","44100,1"
"Histoires de Timote\6 Sport et plein air\01 Timote fait de la trottinette.mp3","-16","-1.5","44100,1"
"Histoires de Timote\6 Sport et plein air\02 Timote fait du ski.item.mp3","-16","-3.2","44100,1"
"Histoires de Timote\6 Sport et plein air\02 Timote fait du ski.mp3","-16","-1.5","44100,1"
"Histoires de Timote\6 Sport et plein air\03 Timote fait du velo.item.mp3","-15.9","-4.7","44100,1"
"Histoires de Timote\6 Sport et plein air\03 Timote fait du velo.mp3","-16","-1.5","44100,1"
"Histoires de Timote\6 Sport et plein air\04 Timote joue au foot.item.mp3","-16","-2.4","44100,1"
"Histoires de Timote\6 Sport et plein air\04 Timote joue au foot.mp3","-16","-1.5","44100,1"
"Histoires de Timote\7 Fetes\0-item.mp3","-16.7","-1.5","44100,1"
"Histoires de Timote\7 Fetes\01 Timote et le Noel magique.item.mp3","-16.1","-4.8","44100,1"
"Histoires de Timote\7 Fetes\01 Timote et le Noel magique.mp3","-16","-1.5","44100,1"
"Histoires de Timote\7 Fetes\02 Timote fete la Saint Nicolas.item.mp3","-15.9","-1.9","44100,1"
"Histoires de Timote\7 Fetes\02 Timote fete la Saint Nicolas.mp3","-16","-1.5","44100,1"
"Histoires de Timote\7 Fetes\03 Timote fete son anniversaire.item.mp3","-16.1","-4","44100,1"
"Histoires de Timote\7 Fetes\03 Timote fete son anniversaire.mp3","-16","-1.5","44100,1"
"Histoires de Timote\8 Corps et sante\0-item.mp3","-18.1","-1.5","44100,1"
"Histoires de Timote\8 Corps et sante\01 Timote est malade.item.mp3","-16","-3.5","44100,1"
"Histoires de Timote\8 Corps et sante\01 Timote est malade.mp3","-16","-2","44100,1"
"Histoires de Timote\8 Corps et sante\02 Timote et ses lunettes.item.mp3","-16","-4","44100,1"
"Histoires de Timote\8 Corps et sante\02 Timote et ses lunettes.mp3","-16","-1.5","44100,1"
"Histoires de Timote\8 Corps et sante\03 Timote va chez le docteur.item.mp3","-16","-3.8","44100,1"
"Histoires de Timote\8 Corps et sante\03 Timote va chez le docteur.mp3","-16","-1.5","44100,1"
"Histoires de Timote\9 Nature et animaux\0-item.mp3","-16.9","-1.5","44100,1"
"Histoires de Timote\9 Nature et animaux\01 Timote a la ferme.item.mp3","-16","-2.4","44100,1"
"Histoires de Timote\9 Nature et animaux\01 Timote a la ferme.mp3","-16","-1.5","44100,1"
"Histoires de Timote\9 Nature et animaux\02 Timote aime la planete.item.mp3","-16","-3.4","44100,1"
"Histoires de Timote\9 Nature et animaux\02 Timote aime la planete.mp3","-16","-1.5","44100,1"
"Histoires de Timote\9 Nature et animaux\03 Timote chez les pompiers.item.mp3","-16","-3.6","44100,1"
"Histoires de Timote\9 Nature et animaux\03 Timote chez les pompiers.mp3","-16","-1.5","44100,1"
"Histoires de Timote\9 Nature et animaux\04 Timote et le chantier.item.mp3","-16","-5.4","44100,1"
"Histoires de Timote\9 Nature et animaux\04 Timote et le chantier.mp3","-16","-1.5","44100,1"
"Histoires de Timote\9 Nature et animaux\05 Timote se promene en foret.item.mp3","-15.9","-4.9","44100,1"
"Histoires de Timote\9 Nature et animaux\05 Timote se promene en foret.mp3","-16","-1.4","44100,1"
"Histoires de Timote\9 Nature et animaux\06 Timote veut un animal.item.mp3","-16.1","-3.3","44100,1"
"Histoires de Timote\9 Nature et animaux\06 Timote veut un animal.mp3","-16","-1.7","44100,1"
