slug,titre,album_trouve,url,score,ok
timote-aime-tout-faire-tout-seul,Timoté aime tout faire tout seul,Timoté aime tout faire tout seul,https://i.scdn.co/image/ab67616d0000b273ac494fa70830fc5d2b768d47,1.25,1
timote-decouvre-les-chiffres,Timoté découvre les chiffres,Timoté découvre les chiffres,https://i.scdn.co/image/ab67616d0000b273827cbf56b0fd162158e5fc4c,1.25,1
timote-decouvre-les-lettres,Timoté découvre les lettres,Timoté découvre les lettres,https://i.scdn.co/image/ab67616d0000b273b20527a013368739a002d207,1.25,1
timote-et-sa-tetine,Timoté et sa tétine,Timoté et sa tétine,https://i.scdn.co/image/ab67616d0000b273af56a357ad14f231a8fcae40,1.25,1
timote-et-son-doudou,Timoté et son doudou,Timoté et son doudou,https://i.scdn.co/image/ab67616d0000b27304552cf29c2bb2242a8b2fbc,1.25,1
timote-fait-un-gateau,Timoté fait un gâteau,Timoté fait un gâteau,https://i.scdn.co/image/ab67616d0000b27388d79f89eee18e115b378371,1.25,1
timote-jardine,Timoté jardine,Timoté jardine,https://i.scdn.co/image/ab67616d0000b273e84c3a1fe676fcc37caa4e0f,1.25,1
timote-devient-grand-frere,Timoté devient grand frère,Timoté devient grand frère,https://i.scdn.co/image/ab67616d0000b2736de239517583dd68b138bb87,1.25,1
timote-dort-chez-un-copain,Timoté dort chez un copain,Timoté dort chez un copain,https://i.scdn.co/image/ab67616d0000b2739d5e8777dd638e45446edd95,1.25,1
timote-est-amoureux,Timoté est amoureux,Timoté est amoureux,https://i.scdn.co/image/ab67616d0000b273eb8341415547407800a7d451,1.25,1
timote-et-la-petite-souris,Timoté et la petite souris,Timoté et la petite souris,https://i.scdn.co/image/ab67616d0000b273247491b266262b07898c772f,1.25,1
timote-et-les-ecrans,Timoté et les écrans,Timoté et les écrans - Timoté,https://i.scdn.co/image/ab67616d0000b2735f739161c091e846b8505a7f,1.05,1
timote-et-ses-emotions,Timoté et ses émotions,Timoté et ses émotions,https://i.scdn.co/image/ab67616d0000b2734e00ab04f5405dc4278214d0,1.25,1
timote-fait-des-betises,Timoté fait des bêtises,Timoté fait des bêtises,https://i.scdn.co/image/ab67616d0000b273622bb4426f334c5bc6d44812,1.25,1
timote-aime-la-musique,Timoté aime la musique,Timoté aime la musique,https://i.scdn.co/image/ab67616d0000b273a3297e724603442a238e0e6c,1.25,1
timote-apprend-l-anglais,Timoté apprend l'anglais,Timoté apprend l'anglais,https://i.scdn.co/image/ab67616d0000b27342fd23d38dc9dd9886025bbe,1.25,1
timote-entre-a-l-ecole,Timoté entre à l'école,Timoté entre à l'école,https://i.scdn.co/image/ab67616d0000b2734073a8ee727226af00713fda,1.25,1
timote-va-a-la-cantine,Timoté va à la cantine,Timoté va à la cantine,https://i.scdn.co/image/ab67616d0000b273dc252f7a2b28ce9681fd1bc1,1.25,1
timote-va-au-centre-de-loisirs,Timoté va au centre de loisirs,Timoté va au centre de loisirs,https://i.scdn.co/image/ab67616d0000b2739707ccd7dfb1c689d19977f4,1.25,1
timote-a-l-aquarium,Timoté à l'aquarium,Timoté à l'aquarium,https://i.scdn.co/image/ab67616d0000b273195ef43d7c968c56e3f2aee1,1.25,1
timote-va-a-la-bibliotheque,Timoté va à la bibliothèque,Timoté va à la bibliothèque,https://i.scdn.co/image/ab67616d0000b273ba7835175f13ea96fb5db22d,1.25,1
timote-va-au-cirque,Timoté va au cirque,Timoté va au cirque,https://i.scdn.co/image/ab67616d0000b273991ec4af458dd15a41828188,1.25,1
timote-va-au-spectacle,Timoté va au spectacle,Timoté va au spectacle,https://i.scdn.co/image/ab67616d0000b273407b02a226b3b43cbf06d66b,1.25,1
timote-visite-le-louvre,Timoté visite le Louvre,Timoté visite le Louvre,https://i.scdn.co/image/ab67616d0000b273705af545bb912f54223f5ce1,1.25,1
timote-visite-le-musee-d-orsay,Timoté visite le Musée d'Orsay,Timoté visite le Musée d'Orsay,https://i.scdn.co/image/ab67616d0000b273f452b5ef2b2d46ea34bc102b,1.25,1
timote-visite-paris,Timoté visite Paris,Timoté visite Paris,https://i.scdn.co/image/ab67616d0000b2730540e0d4fdb910699d898055,1.25,1
timote-visite-un-chateau-fort,Timoté visite un château fort,Timoté visite un château fort,https://i.scdn.co/image/ab67616d0000b2730c884b5965cd90bc0ad542c2,1.25,1
timote-prend-le-train,Timoté prend le train,Timoté prend le train,https://i.scdn.co/image/ab67616d0000b2734197fb24ffbccd01b8638cba,1.25,1
timote-visite-la-bretagne,Timoté visite la Bretagne,Timoté visite la Bretagne,https://i.scdn.co/image/ab67616d0000b2730e9b87e2a225c7d8b5091dd9,1.25,1
timote-fait-de-la-trottinette,Timoté fait de la trottinette,Timoté fait de la trottinette,https://i.scdn.co/image/ab67616d0000b27379368e79603dc1e742965826,1.25,1
timote-fait-du-ski,Timoté fait du ski,Timoté fait du ski,https://i.scdn.co/image/ab67616d0000b273b103f5f2c0c633c320927cb2,1.25,1
timote-fait-du-velo,Timoté fait du vélo,Timoté fait du vélo,https://i.scdn.co/image/ab67616d0000b27390741fced7f5c61b9e36f46c,1.25,1
timote-joue-au-foot,Timoté joue au foot,Timoté joue au foot,https://i.scdn.co/image/ab67616d0000b273aafdacf2a7542d225843584d,1.25,1
timote-se-promene-en-foret,Timoté se promène en forêt,Timoté se promène en forêt,https://i.scdn.co/image/ab67616d0000b2738ec005d84b13180634d20d6c,1.25,1
timote-et-le-noel-magique,Timoté et le Noël magique,Timoté et le Noël magique,https://i.scdn.co/image/ab67616d0000b273012ef599bbf1632a4111d346,1.25,1
timote-fete-la-saint-nicolas,Timoté fête la Saint-Nicolas,Timoté fête la Saint-Nicolas,https://i.scdn.co/image/ab67616d0000b273332050a368f20ac1a08f01a3,1.25,1
timote-fete-son-anniversaire,Timoté fête son anniversaire,Timoté fête son anniversaire,https://i.scdn.co/image/ab67616d0000b273b39924e9763af079678df2e8,1.25,1
timote-est-malade,Timoté est malade,Timoté est malade - Timoté,https://i.scdn.co/image/ab67616d0000b273e3c6e426d9cca7fe470d2131,1.05,1
timote-et-ses-lunettes,Timoté et ses lunettes,Timoté et ses lunettes,https://i.scdn.co/image/ab67616d0000b27339a3ccfeae811b9be30d84de,1.25,1
timote-va-chez-le-docteur,Timoté va chez le docteur,Timoté va chez le docteur,https://i.scdn.co/image/ab67616d0000b2737c371640d4d0a1e75b7f9489,1.25,1
timote-a-la-ferme,Timoté à la ferme,Timoté à la ferme,https://i.scdn.co/image/ab67616d0000b27397e56cf0c577ab800a926ace,1.25,1
timote-aime-la-planete,Timoté aime la planète,Timoté aime la planète,https://i.scdn.co/image/ab67616d0000b273f5b738f19185b646f54bc1d4,1.25,1
timote-chez-les-pompiers,Timoté chez les pompiers,Timoté chez les pompiers,https://i.scdn.co/image/ab67616d0000b273ed55fee73a59f9bb4945410a,1.25,1
timote-et-le-chantier,Timoté et le chantier,Timoté et le chantier - Timoté,https://i.scdn.co/image/ab67616d0000b2731d920ba181fe8b3f68690be5,1.05,1
timote-veut-un-animal,Timoté veut un animal,Timoté veut un animal,https://i.scdn.co/image/ab67616d0000b2738e511ecce52caa6d073832e5,1.25,1
