"num","chapter","title","key","file","seconds","lufs","peak_dbfs","status"
"001","1","Timoté aime la planète","aime la planete","001 Timoté - Chapitre 1 - Timoté aime la planète.mp3","182.1","-12.5","2.7","garde"
"002","2","Timoté aime la planète","aime la planete","002 Timoté - Chapitre 2 - Timoté aime la planète.mp3","206.1","-12.2","2.5","garde"
"003","0","Timoté et les écrans","et les ecrans","003 Timoté - Timoté et les écrans - Timoté.mp3","344","-12.3","2.4","garde"
"004","1","Timoté apprend l'anglais","apprend l anglais","004 Timoté - Chapitre 1 - Timoté apprend l'anglais.mp3","182.1","-13","3","garde"
"005","2","Timoté apprend l'anglais","apprend l anglais","005 Timoté - Chapitre 2 - Timoté apprend l'anglais.mp3","259.1","-12.4","2.2","garde"
"006","0","Timoté visite le Musée d'Orsay","visite le musee d orsay","006 Timoté - Timoté visite le Musée d'Orsay.mp3","368.1","-12.4","3","garde"
"007","0","Timoté et le chantier","et le chantier","007 Timoté - Timoté et le chantier - Timoté.mp3","341","-12.3","2.3","garde"
"008","0","Timoté est amoureux","est amoureux","008 Timoté - Timoté est amoureux.mp3","378","-12.4","2.4","garde"
"009","1","Timoté est malade","est malade","009 Timoté - Chapitre 1 - Timoté est malade - Timoté.mp3","184.1","-12.3","1.7","garde"
"010","2","Timoté est malade","est malade","010 Timoté - Chapitre 2 - Timoté est malade - Timoté.mp3","208.1","-12.2","1.8","garde"
"011","1","Timoté va au centre de loisirs","va au centre de loisirs","011 Timoté - Chapitre 1 - Timoté va au centre de loisirs.mp3","181.1","-12.5","2.6","garde"
"012","2","Timoté va au centre de loisirs","va au centre de loisirs","012 Timoté - Chapitre 2 - Timoté va au centre de loisirs.mp3","203","-12.2","2.1","garde"
"013","1","Timoté veut un animal","veut un animal","013 Timoté - Chapitre 1 - Timoté veut un animal.mp3","182","-12.1","2.2","garde"
"014","2","Timoté veut un animal","veut un animal","014 Timoté - Chapitre 2 - Timoté veut un animal.mp3","190.1","-12","1.8","garde"
"015","1","Timoté fait de la trottinette","fait de la trottinette","015 Timoté - Chapitre 1 - Timoté fait de la trottinette.mp3","191.1","-12.3","1.8","garde"
"016","2","Timoté fait de la trottinette","fait de la trottinette","016 Timoté - Chapitre 2 - Timoté fait de la trottinette.mp3","182.1","-12","2.3","garde"
"017","1","Timoté se promène en forêt","se promene en foret","017 Timoté - Chapitre 1 - Timoté se promène en forêt.mp3","185","-12.2","2.1","garde"
"018","2","Timoté se promène en forêt","se promene en foret","018 Timoté - Chapitre 2 - Timoté se promène en forêt.mp3","230.1","-13.2","2.5","garde"
"019","1","Timoté découvre les chiffres","decouvre les chiffres","019 Timoté - Chapitre 1 - Timoté découvre les chiffres.mp3","188.1","-12.3","2.2","garde"
"020","2","Timoté découvre les chiffres","decouvre les chiffres","020 Timoté - Chapitre 2 - Timoté découvre les chiffres.mp3","264","-12.7","2.1","garde"
"021","1","Timoté découvre les lettres","decouvre les lettres","021 Timoté - Chapitre 1 - Timoté découvre les lettres.mp3","185.1","-12.5","2.9","garde"
"022","2","Timoté découvre les lettres","decouvre les lettres","022 Timoté - Chapitre 2 - Timoté découvre les lettres.mp3","259.1","-12.4","2.7","garde"
"023","1","Timoté dort chez un copain","dort chez un copain","023 Timoté - Chapitre 1 - Timoté dort chez un copain.mp3","187.1","-12.1","2.7","garde"
"024","2","Timoté dort chez un copain","dort chez un copain","024 Timoté - Chapitre 2 - Timoté dort chez un copain.mp3","171.1","-12.3","2.2","garde"
"025","1","Timoté et la petite souris","et la petite souris","025 Timoté - Chapitre 1 - Timoté et la petite souris.mp3","187.1","-12","2","garde"
"026","2","Timoté et la petite souris","et la petite souris","026 Timoté - Chapitre 2 - Timoté et la petite souris.mp3","187.1","-12.8","1.7","garde"
"027","1","Timoté aime la musique","aime la musique","027 Timoté - Chapitre 1 - Timoté aime la musique.mp3","185.1","-12.2","2.4","garde"
"028","2","Timoté aime la musique","aime la musique","028 Timoté - Chapitre 2 - Timoté aime la musique.mp3","212","-13","2.6","garde"
"029","1","Timoté à l'aquarium","a l aquarium","029 Timoté - Chapitre 1 - Timoté à l'aquarium.mp3","188.1","-12.4","2.4","garde"
"030","2","Timoté à l'aquarium","a l aquarium","030 Timoté - Chapitre 2 - Timoté à l'aquarium.mp3","165.1","-12.4","2.6","garde"
"031","0","Timoté aime tout faire tout seul","aime tout faire tout seul","031 Timoté - Timoté aime tout faire tout seul.mp3","348","-12.1","2.3","garde"
"032","1","Timoté entre à l'école","entre a l ecole","032 Timoté - Chapitre 1 - Timoté entre à l'école.mp3","184","-12.7","2.2","garde"
"033","2","Timoté entre à l'école","entre a l ecole","033 Timoté - Chapitre 2 - Timoté entre à l'école.mp3","152","-12.3","2.5","garde"
"034","1","Timoté et ses lunettes","et ses lunettes","034 Timoté - Chapitre 1 - Timoté et ses lunettes.mp3","186.1","-12.2","2.4","garde"
"035","2","Timoté et ses lunettes","et ses lunettes","035 Timoté - Chapitre 2 - Timoté et ses lunettes.mp3","168","-12.5","2.4","garde"
"036","1","Timoté et son doudou","et son doudou","036 Timoté - Chapitre 1 - Timoté et son doudou.mp3","184","-12.2","2.2","garde"
"037","2","Timoté et son doudou","et son doudou","037 Timoté - Chapitre 2 - Timoté et son doudou.mp3","158.1","-12.3","3","garde"
"038","1","Timoté fait un gâteau","fait un gateau","038 Timoté - Chapitre 1 - Timoté fait un gâteau.mp3","184.1","-12.5","2.6","garde"
"039","2","Timoté fait un gâteau","fait un gateau","039 Timoté - Chapitre 2 - Timoté fait un gâteau.mp3","179","-12.3","2.6","garde"
"040","1","Timoté fête la Saint-Nicolas","fete la saint nicolas","040 Timoté - Chapitre 1 - Timoté fête la Saint-Nicolas.mp3","186","-12.1","2.7","garde"
"041","2","Timoté fête la Saint-Nicolas","fete la saint nicolas","041 Timoté - Chapitre 2 - Timoté fête la Saint-Nicolas.mp3","175.1","-12.4","2","garde"
"042","1","Timoté fête son anniversaire","fete son anniversaire","042 Timoté - Chapitre 1 - Timoté fête son anniversaire.mp3","183.1","-12.1","2.6","garde"
"043","2","Timoté fête son anniversaire","fete son anniversaire","043 Timoté - Chapitre 2 - Timoté fête son anniversaire.mp3","152.2","-12.3","2.1","garde"
"044","1","Timoté jardine","jardine","044 Timoté - Chapitre 1 - Timoté jardine.mp3","185.1","-12.4","2.4","garde"
"045","2","Timoté jardine","jardine","045 Timoté - Chapitre 2 - Timoté jardine.mp3","175.1","-13.3","1.8","garde"
"046","1","Timoté joue au foot","joue au foot","046 Timoté - Chapitre 1 - Timoté joue au foot.mp3","186.1","-12.3","2.3","garde"
"047","2","Timoté joue au foot","joue au foot","047 Timoté - Chapitre 2 - Timoté joue au foot.mp3","154.1","-12.4","2.7","garde"
"048","1","Timoté visite un château fort","visite un chateau fort","048 Timoté - Chapitre 1 - Timoté visite un château fort.mp3","190","-12.4","2.2","garde"
"049","2","Timoté visite un château fort","visite un chateau fort","049 Timoté - Chapitre 2 - Timoté visite un château fort.mp3","158","-12.4","2.5","garde"
"050","1","Timoté et le Noël magique","et le noel magique","050 Timoté - Chapitre 1 - Timoté et le Noël magique.mp3","186.1","-12.3","2.3","garde"
"051","2","Timoté et le Noël magique","et le noel magique","051 Timoté - Chapitre 2 - Timoté et le Noël magique.mp3","159","-12.7","2.2","garde"
"052","1","Timoté et sa tétine","et sa tetine","052 Timoté - Chapitre 1 - Timoté et sa tétine.mp3","186.1","-12.4","2.3","garde"
"053","2","Timoté et sa tétine","et sa tetine","053 Timoté - Chapitre 2 - Timoté et sa tétine.mp3","130.1","-12.7","2.6","garde"
"054","1","Timoté va au spectacle","va au spectacle","054 Timoté - Chapitre 1 - Timoté va au spectacle.mp3","185.1","-12.6","2.9","garde"
"055","2","Timoté va au spectacle","va au spectacle","055 Timoté - Chapitre 2 - Timoté va au spectacle.mp3","198.1","-12.6","3.1","garde"
"056","1","Timoté va à la bibliothèque","va a la bibliotheque","056 Timoté - Chapitre 1 - Timoté va à la bibliothèque.mp3","185.1","-12.2","2.8","garde"
"057","2","Timoté va à la bibliothèque","va a la bibliotheque","057 Timoté - Chapitre 2 - Timoté va à la bibliothèque.mp3","187","-13.3","1.9","garde"
"058","1","Timoté visite Paris","visite paris","058 Timoté - Chapitre 1 - Timoté visite Paris.mp3","186.1","-13","2.1","garde"
"059","2","Timoté visite Paris","visite paris","059 Timoté - Chapitre 2 - Timoté visite Paris.mp3","165.1","-12.3","2.3","garde"
"060","1","Timoté visite la Bretagne","visite la bretagne","060 Timoté - Chapitre 1 - Timoté visite la Bretagne.mp3","187","-12.3","2.3","garde"
"061","2","Timoté visite la Bretagne","visite la bretagne","061 Timoté - Chapitre 2 - Timoté visite la Bretagne.mp3","232.4","-12.5","2.3","garde"
"062","1","Timoté chez les pompiers","chez les pompiers","062 Timoté - Chapitre 1 - Timoté chez les pompiers.mp3","187","-12.7","1.9","garde"
"063","2","Timoté chez les pompiers","chez les pompiers","063 Timoté - Chapitre 2 - Timoté chez les pompiers.mp3","118.1","-12.4","2.2","garde"
"064","1","Timoté et ses émotions","et ses emotions","064 Timoté - Chapitre 1 - Timoté et ses émotions.mp3","188.1","-12.8","2.6","garde"
"065","2","Timoté et ses émotions","et ses emotions","065 Timoté - Chapitre 2 - Timoté et ses émotions.mp3","175","-12.2","2.9","garde"
"066","1","Timoté fait du vélo","fait du velo","066 Timoté - Chapitre 1 - Timoté fait du vélo.mp3","187","-12.2","2.6","garde"
"067","2","Timoté fait du vélo","fait du velo","067 Timoté - Chapitre 2 - Timoté fait du vélo.mp3","136","-12.9","1.9","garde"
"068","1","Timoté prend le train","prend le train","068 Timoté - Chapitre 1 - Timoté prend le train.mp3","184.1","-12.5","2.2","garde"
"069","2","Timoté prend le train","prend le train","069 Timoté - Chapitre 2 - Timoté prend le train.mp3","159.1","-13","2","garde"
"070","1","Timoté visite le Louvre","visite le louvre","070 Timoté - Chapitre 1 - Timoté visite le Louvre.mp3","185.1","-12.5","2.1","garde"
"071","2","Timoté visite le Louvre","visite le louvre","071 Timoté - Chapitre 2 - Timoté visite le Louvre.mp3","165.1","-12.7","2.5","garde"
"072","1","Timoté fait des bêtises","fait des betises","072 Timoté - Chapitre 1 - Timoté fait des bêtises.mp3","186.1","-12.2","2.2","garde"
"073","2","Timoté fait des bêtises","fait des betises","073 Timoté - Chapitre 2 - Timoté fait des bêtises.mp3","115","-13.1","2.2","garde"
"074","1","Timoté fait du ski","fait du ski","074 Timoté - Chapitre 1 - Timoté fait du ski.mp3","190","-12.2","2.3","garde"
"075","2","Timoté fait du ski","fait du ski","075 Timoté - Chapitre 2 - Timoté fait du ski.mp3","107.1","-12.4","2.2","garde"
"076","1","Timoté va au cirque","va au cirque","076 Timoté - Chapitre 1 - Timoté va au cirque.mp3","184","-12.9","1.9","garde"
"077","2","Timoté va au cirque","va au cirque","077 Timoté - Chapitre 2 - Timoté va au cirque.mp3","155.1","-12.3","2.1","garde"
"078","1","Timoté va chez le docteur","va chez le docteur","078 Timoté - Chapitre 1 - Timoté va chez le docteur.mp3","184","-12.4","2.3","garde"
"079","2","Timoté va chez le docteur","va chez le docteur","079 Timoté - Chapitre 2 - Timoté va chez le docteur.mp3","91","-13","2","garde"
"080","1","Timoté va à la cantine","va a la cantine","080 Timoté - Chapitre 1 - Timoté va à la cantine.mp3","184.1","-12.3","1.9","garde"
"081","2","Timoté va à la cantine","va a la cantine","081 Timoté - Chapitre 2 - Timoté va à la cantine.mp3","102","-12.7","1.8","garde"
"082","1","Timoté au bord de la mer","au bord de la mer","082 Timoté - Chapitre 1 - Timoté au bord de la mer.mp3","187.1","-12.1","2","ecarte: chapitre 1 seul (au bord de la mer)"
"083","1","Timoté à la ferme","a la ferme","083 Timoté - Chapitre 1 - Timoté à la ferme.mp3","187.1","-12.3","2.1","garde"
"084","2","Timoté à la ferme","a la ferme","084 Timoté - Chapitre 2 - Timoté à la ferme.mp3","113.1","-12.3","2.2","garde"
"091","0","Timoté est amoureux","est amoureux","091 Timoté - Timoté est amoureux.mp3","378.1","-12.4","2.2","ecarte: doublon de 008"
"097","2","Timoté et ses émotions","et ses emotions","097 Timoté - Chapitre 2 - Timoté et ses émotions.mp3","174.9","-12.2","2.4","ecarte: doublon de 065"
"103","1","Timoté devient grand frère","devient grand frere","103 Timoté - Chapitre 1 - Timoté devient grand frère.mp3","188.7","-12.2","2.5","garde"
"109","0","Timoté aime tout faire tout seul","aime tout faire tout seul","109 Timoté - Timoté aime tout faire tout seul.mp3","348","-12.1","2.6","ecarte: doublon de 031"
"115","9","Volume 3 Les Aventures de Timoté","volume 3 les aventures de timote","115 Timoté - Chapitre 9 - Volume 3 Les Aventures de Timoté.mp3","348.1","-12","2.6","ecarte: fragment Volume 3"
"121","7","Volume 3 Les Aventures de Timoté","volume 3 les aventures de timote","121 Timoté - Chapitre 7 - Volume 3 Les Aventures de Timoté.mp3","357.1","-12.6","3","ecarte: fragment Volume 3"
"127","13","Volume 3 Les Aventures de Timoté","volume 3 les aventures de timote","127 Timoté - Chapitre 13 - Volume 3 Les Aventures de Timoté.mp3","262.1","-12.3","1.9","ecarte: fragment Volume 3"
"133","0","Timoté et les écrans","et les ecrans","133 Timoté - Timoté et les écrans - Timoté.mp3","344.1","-12.3","2.9","ecarte: doublon de 003"
"139","16","Volume 3 Les Aventures de Timoté","volume 3 les aventures de timote","139 Timoté - Chapitre 16 - Volume 3 Les Aventures de Timoté.mp3","346.1","-12.4","2.6","ecarte: fragment Volume 3"
"141","2","Timoté veut un animal","veut un animal","141 Timoté - Chapitre 2 - Timoté veut un animal.mp3","189.1","-12","2.2","ecarte: doublon de 014"
"147","1","Timoté fait du poney","fait du poney","147 Timoté - Chapitre 1 - Timoté fait du poney.mp3","186","-12.3","2.5","ecarte: chapitre 1 seul (fait du poney)"
"191","2","Timoté devient grand frère","devient grand frere","191 Timoté - Chapitre 2 - Timoté devient grand frère.mp3","105.3","-12.2","2.4","garde"
"197","1","Timoté chez les pompiers","chez les pompiers","197 Timoté - Chapitre 1 - Timoté chez les pompiers.mp3","189.1","-12.4","1.9","ecarte: doublon de 062"
"242","1","Timoté veut un animal","veut un animal","242 Timoté - Chapitre 1 - Timoté veut un animal.mp3","183.5","-12","2","ecarte: doublon de 013"
"248","2","Timoté entre à l'école","entre a l ecole","248 Timoté - Chapitre 2 - Timoté entre à l'école.mp3","152.1","-12.3","2.9","ecarte: doublon de 033"
